{"cameraMode":{"drawMode":0,"name":"Shaded","section":"Shading Mode"},"sceneLighting":true,"audioPlay":false,"sceneViewState":{"m_AlwaysRefresh":false,"showFog":true,"showSkybox":true,"showFlares":true,"showImageEffects":true,"showParticleSystems":true,"showVisualEffectGraphs":true,"m_FxEnabled":true},"in2DMode":false,"pivot":{"x":1.5599089860916138,"y":1.3694684505462647,"z":-11.968289375305176},"rotation":{"x":-0.06857015937566757,"y":0.11686865240335465,"z":-0.009632793255150319,"w":-0.9902094602584839},"size":0.3020663559436798,"orthographic":false}