{"cameraMode":{"drawMode":0,"name":"Shaded","section":"Shading Mode"},"sceneLighting":true,"audioPlay":false,"sceneViewState":{"m_AlwaysRefresh":false,"showFog":true,"showSkybox":true,"showFlares":true,"showImageEffects":true,"showParticleSystems":true,"showVisualEffectGraphs":true,"m_FxEnabled":true},"in2DMode":false,"pivot":{"x":-0.25764504075050356,"y":5.139756202697754,"z":-5.7384843826293949},"rotation":{"x":-0.0452798530459404,"y":-0.015606976114213467,"z":0.0004126336134504527,"w":-0.9984137415885925},"size":0.70710688829422,"orthographic":false}