{"cameraMode":{"drawMode":0,"name":"Shaded","section":"Shading Mode"},"sceneLighting":true,"audioPlay":false,"sceneViewState":{"m_AlwaysRefresh":false,"showFog":true,"showSkybox":true,"showFlares":true,"showImageEffects":true,"showParticleSystems":true,"showVisualEffectGraphs":true,"m_FxEnabled":true},"in2DMode":false,"pivot":{"x":0.046294886618852618,"y":1.750793218612671,"z":-4.5114665031433109},"rotation":{"x":-0.10659022629261017,"y":-0.008353563025593758,"z":0.0008669985691085458,"w":-0.9941407442092896},"size":0.8660253882408142,"orthographic":false}