{"cameraMode":{"drawMode":0,"name":"Shaded","section":"Shading Mode"},"sceneLighting":true,"audioPlay":false,"sceneViewState":{"m_AlwaysRefresh":false,"showFog":true,"showSkybox":true,"showFlares":true,"showImageEffects":true,"showParticleSystems":true,"showVisualEffectGraphs":true,"m_FxEnabled":true},"in2DMode":false,"pivot":{"x":-0.1704484224319458,"y":0.5335413813591003,"z":0.738171398639679},"rotation":{"x":-0.23945198953151704,"y":0.20974786579608918,"z":-0.053082529455423358,"w":-0.9464272260665894},"size":0.8660253882408142,"orthographic":false}