{"cameraMode":{"drawMode":0,"name":"Shaded","section":"Shading Mode"},"sceneLighting":true,"audioPlay":false,"sceneViewState":{"m_AlwaysRefresh":false,"showFog":true,"showSkybox":true,"showFlares":true,"showImageEffects":true,"showParticleSystems":true,"showVisualEffectGraphs":true,"m_FxEnabled":true},"in2DMode":false,"pivot":{"x":-0.33910608291625979,"y":2.43642258644104,"z":-2.0853543281555177},"rotation":{"x":0.16289125382900239,"y":0.04759015887975693,"z":-0.006245895754545927,"w":0.9849605560302734},"size":0.806926429271698,"orthographic":false}