{"cameraMode":{"drawMode":0,"name":"Shaded","section":"Shading Mode"},"sceneLighting":true,"audioPlay":false,"sceneViewState":{"m_AlwaysRefresh":false,"showFog":true,"showSkybox":true,"showFlares":true,"showImageEffects":true,"showParticleSystems":true,"showVisualEffectGraphs":true,"m_FxEnabled":true},"in2DMode":false,"pivot":{"x":-0.010675787925720215,"y":1.8250360488891602,"z":3.9006433486938478},"rotation":{"x":-0.22025033831596375,"y":0.0404815748333931,"z":-0.008442195132374764,"w":-0.9742051959037781},"size":6.200907230377197,"orthographic":false}