{"cameraMode":{"drawMode":0,"name":"Shaded","section":"Shading Mode"},"sceneLighting":true,"audioPlay":false,"sceneViewState":{"m_AlwaysRefresh":false,"showFog":true,"showSkybox":true,"showFlares":true,"showImageEffects":true,"showParticleSystems":true,"showVisualEffectGraphs":true,"m_FxEnabled":true},"in2DMode":false,"pivot":{"x":17.825977325439454,"y":129.07579040527345,"z":-140.30044555664063},"rotation":{"x":0.3559570610523224,"y":-0.05042703449726105,"z":0.019240498542785646,"w":0.9329267740249634},"size":5.263789176940918,"orthographic":true}