{"cameraMode":{"drawMode":0,"name":"Shaded","section":"Shading Mode"},"sceneLighting":false,"audioPlay":false,"sceneViewState":{"m_AlwaysRefresh":false,"showFog":true,"showSkybox":false,"showFlares":true,"showImageEffects":true,"showParticleSystems":true,"showVisualEffectGraphs":true,"m_FxEnabled":true},"in2DMode":false,"pivot":{"x":4.0978193283081057e-8,"y":0.2935808002948761,"z":-7.450580596923828e-9},"rotation":{"x":-0.33042335510253909,"y":0.0899386778473854,"z":0.03307153657078743,"w":0.9384023547172546},"size":0.30206799507141116,"orthographic":false}